x,y,channel,bit_index,payload_bit,byte_index
0,0,R,0,0,0
0,0,G,1,1,0
0,0,B,2,0,0
1,0,R,3,1,0
1,0,G,4,0,0
1,0,B,5,0,0
2,0,R,6,1,0
2,0,G,7,1,0
2,0,B,8,0,1
3,0,R,9,1,1
3,0,G,10,0,1
3,0,B,11,1,1
4,0,R,12,0,1
4,0,G,13,1,1
4,0,B,14,0,1
5,0,R,15,0,1
5,0,G,16,0,2
5,0,B,17,1,2
6,0,R,18,0,2
6,0,G,19,0,2
6,0,B,20,0,2
7,0,R,21,1,2
7,0,G,22,0,2
7,0,B,23,1,2
8,0,R,24,0,3
8,0,G,25,1,3
8,0,B,26,0,3
9,0,R,27,0,3
9,0,G,28,0,3
9,0,B,29,1,3
10,0,R,30,1,3
10,0,G,31,1,3
10,0,B,32,0,4
11,0,R,33,1,4
11,0,G,34,0,4
11,0,B,35,0,4
12,0,R,36,1,4
12,0,G,37,1,4
12,0,B,38,1,4
13,0,R,39,1,4
13,0,G,40,0,5
13,0,B,41,1,5
14,0,R,42,0,5
14,0,G,43,0,5
14,0,B,44,0,5
15,0,R,45,1,5
15,0,G,46,0,5
15,0,B,47,0,5
16,0,R,48,0,6
16,0,G,49,1,6
16,0,B,50,0,6
17,0,R,51,0,6
17,0,G,52,0,6
17,0,B,53,1,6
18,0,R,54,0,6
18,0,G,55,1,6
18,0,B,56,0,7
19,0,R,57,1,7
19,0,G,58,0,7
19,0,B,59,1,7
20,0,R,60,0,7
20,0,G,61,1,7
20,0,B,62,0,7
21,0,R,63,0,7
21,0,G,64,0,8
21,0,B,65,1,8
22,0,R,66,0,8
22,0,G,67,0,8
22,0,B,68,0,8
23,0,R,69,1,8
23,0,G,70,0,8
23,0,B,71,1,8
24,0,R,72,0,9
24,0,G,73,1,9
24,0,B,74,0,9
25,0,R,75,0,9
25,0,G,76,0,9
25,0,B,77,0,9
26,0,R,78,1,9
26,0,G,79,1,9
26,0,B,80,0,10
27,0,R,81,1,10
27,0,G,82,0,10
27,0,B,83,1,10
28,0,R,84,0,10
28,0,G,85,1,10
28,0,B,86,0,10
29,0,R,87,0,10
29,0,G,88,0,11
29,0,B,89,1,11
30,0,R,90,1,11
30,0,G,91,1,11
30,0,B,92,0,11
31,0,R,93,1,11
31,0,G,94,1,11
31,0,B,95,0,11
32,0,R,96,0,12
32,0,G,97,0,12
32,0,B,98,1,12
33,0,R,99,1,12
33,0,G,100,0,12
33,0,B,101,0,12
34,0,R,102,0,12
34,0,G,103,1,12
34,0,B,104,0,13
35,0,R,105,0,13
35,0,G,106,0,13
35,0,B,107,0,13
36,0,R,108,0,13
36,0,G,109,0,13
36,0,B,110,0,13
37,0,R,111,0,13
37,0,G,112,0,14
37,0,B,113,0,14
38,0,R,114,0,14
38,0,G,115,0,14
38,0,B,116,0,14
39,0,R,117,0,14
39,0,G,118,0,14
39,0,B,119,0,14
40,0,R,120,0,15
40,0,G,121,0,15
40,0,B,122,0,15
41,0,R,123,0,15
41,0,G,124,0,15
41,0,B,125,0,15
42,0,R,126,0,15
42,0,G,127,1,15
42,0,B,128,0,16
43,0,R,129,1,16
43,0,G,130,0,16
43,0,B,131,1,16
44,0,R,132,0,16
44,0,G,133,1,16
44,0,B,134,0,16
45,0,R,135,0,16
45,0,G,136,0,17
45,0,B,137,1,17
46,0,R,138,1,17
46,0,G,139,1,17
46,0,B,140,1,17
47,0,R,141,0,17
47,0,G,142,1,17
47,0,B,143,1,17
48,0,R,144,0,18
48,0,G,145,0,18
48,0,B,146,1,18
49,0,R,147,0,18
49,0,G,148,0,18
49,0,B,149,0,18
50,0,R,150,1,18
50,0,G,151,0,18
50,0,B,152,0,19
51,0,R,153,1,19
51,0,G,154,1,19
51,0,B,155,1,19
52,0,R,156,0,19
52,0,G,157,1,19
52,0,B,158,1,19
53,0,R,159,0,19
53,0,G,160,0,20
53,0,B,161,1,20
54,0,R,162,1,20
54,0,G,163,0,20
54,0,B,164,0,20
55,0,R,165,1,20
55,0,G,166,0,20
55,0,B,167,1,20
56,0,R,168,0,21
56,0,G,169,1,21
56,0,B,170,1,21
57,0,R,171,1,21
57,0,G,172,0,21
57,0,B,173,0,21
58,0,R,174,1,21
58,0,G,175,0,21
58,0,B,176,0,22
59,0,R,177,1,22
59,0,G,178,1,22
59,0,B,179,1,22
60,0,R,180,0,22
60,0,G,181,0,22
60,0,B,182,1,22
61,0,R,183,1,22
61,0,G,184,0,23
61,0,B,185,1,23
62,0,R,186,1,23
62,0,G,187,0,23
62,0,B,188,1,23
63,0,R,189,0,23
63,0,G,190,0,23
63,0,B,191,1,23
64,0,R,192,0,24
64,0,G,193,1,24
64,0,B,194,1,24
65,0,R,195,0,24
65,0,G,196,1,24
65,0,B,197,1,24
66,0,R,198,1,24
66,0,G,199,1,24
66,0,B,200,0,25
67,0,R,201,1,25
67,0,G,202,1,25
67,0,B,203,0,25
68,0,R,204,1,25
68,0,G,205,1,25
68,0,B,206,1,25
69,0,R,207,0,25
69,0,G,208,0,26
69,0,B,209,0,26
70,0,R,210,1,26
70,0,G,211,0,26
70,0,B,212,0,26
71,0,R,213,0,26
71,0,G,214,1,26
71,0,B,215,0,26
72,0,R,216,0,27
72,0,G,217,0,27
72,0,B,218,1,27
73,0,R,219,1,27
73,0,G,220,1,27
73,0,B,221,0,27
74,0,R,222,1,27
74,0,G,223,0,27
74,0,B,224,0,28
75,0,R,225,0,28
75,0,G,226,1,28
75,0,B,227,0,28
76,0,R,228,0,28
76,0,G,229,0,28
76,0,B,230,0,28
77,0,R,231,0,28
77,0,G,232,0,29
77,0,B,233,0,29
78,0,R,234,1,29
78,0,G,235,0,29
78,0,B,236,0,29
79,0,R,237,0,29
79,0,G,238,1,29
79,0,B,239,0,29
80,0,R,240,0,30
80,0,G,241,0,30
80,0,B,242,1,30
81,0,R,243,1,30
81,0,G,244,0,30
81,0,B,245,0,30
82,0,R,246,0,30
82,0,G,247,1,30
82,0,B,248,0,31
83,0,R,249,0,31
83,0,G,250,1,31
83,0,B,251,0,31
84,0,R,252,1,31
84,0,G,253,1,31
84,0,B,254,1,31
85,0,R,255,0,31
85,0,G,256,0,32
85,0,B,257,0,32
86,0,R,258,1,32
86,0,G,259,1,32
86,0,B,260,0,32
87,0,R,261,0,32
87,0,G,262,0,32
87,0,B,263,0,32
88,0,R,264,0,33
88,0,G,265,0,33
88,0,B,266,1,33
89,0,R,267,0,33
89,0,G,268,0,33
89,0,B,269,0,33
90,0,R,270,1,33
90,0,G,271,0,33
90,0,B,272,0,34
91,0,R,273,0,34
91,0,G,274,1,34
91,0,B,275,0,34
92,0,R,276,1,34
92,0,G,277,1,34
92,0,B,278,0,34
93,0,R,279,0,34
93,0,G,280,0,35
93,0,B,281,0,35
94,0,R,282,1,35
94,0,G,283,0,35
94,0,B,284,0,35
95,0,R,285,0,35
95,0,G,286,0,35
95,0,B,287,0,35
96,0,R,288,0,36
96,0,G,289,0,36
96,0,B,290,1,36
97,0,R,291,0,36
97,0,G,292,0,36
97,0,B,293,0,36
98,0,R,294,1,36
98,0,G,295,0,36
98,0,B,296,0,37
99,0,R,297,1,37
99,0,G,298,1,37
99,0,B,299,1,37
100,0,R,300,0,37
100,0,G,301,0,37
100,0,B,302,0,37
101,0,R,303,0,37
101,0,G,304,0,38
101,0,B,305,1,38
102,0,R,306,1,38
102,0,G,307,0,38
102,0,B,308,0,38
103,0,R,309,0,38
103,0,G,310,0,38
103,0,B,311,1,38
104,0,R,312,0,39
104,0,G,313,1,39
104,0,B,314,1,39
105,0,R,315,1,39
105,0,G,316,1,39
105,0,B,317,0,39
106,0,R,318,0,39
106,0,G,319,1,39
106,0,B,320,0,40
107,0,R,321,1,40
107,0,G,322,1,40
107,0,B,323,0,40
108,0,R,324,1,40
108,0,G,325,1,40
108,0,B,326,0,40
109,0,R,327,0,40
109,0,G,328,0,41
109,0,B,329,1,41
110,0,R,330,1,41
110,0,G,331,0,41
110,0,B,332,1,41
111,0,R,333,1,41
111,0,G,334,1,41
111,0,B,335,1,41
112,0,R,336,0,42
112,0,G,337,1,42
112,0,B,338,1,42
113,0,R,339,0,42
113,0,G,340,0,42
113,0,B,341,0,42
114,0,R,342,0,42
114,0,G,343,1,42
114,0,B,344,0,43
115,0,R,345,1,43
115,0,G,346,1,43
115,0,B,347,0,43
116,0,R,348,0,43
116,0,G,349,1,43
116,0,B,350,0,43
117,0,R,351,0,43
117,0,G,352,0,44
117,0,B,353,1,44
118,0,R,354,0,44
118,0,G,355,1,44
118,0,B,356,1,44
119,0,R,357,1,44
119,0,G,358,1,44
119,0,B,359,1,44
120,0,R,360,0,45
120,0,G,361,1,45
120,0,B,362,1,45
121,0,R,363,1,45
121,0,G,364,0,45
121,0,B,365,1,45
122,0,R,366,0,45
122,0,G,367,0,45
122,0,B,368,0,46
123,0,R,369,1,46
123,0,G,370,1,46
123,0,B,371,1,46
124,0,R,372,1,46
124,0,G,373,0,46
124,0,B,374,0,46
125,0,R,375,1,46
125,0,G,376,0,47
125,0,B,377,1,47
126,0,R,378,1,47
126,0,G,379,1,47
126,0,B,380,0,47
127,0,R,381,0,47
127,0,G,382,0,47
127,0,B,383,0,47
128,0,R,384,0,48
128,0,G,385,1,48
128,0,B,386,1,48
129,0,R,387,0,48
129,0,G,388,0,48
129,0,B,389,1,48
130,0,R,390,0,48
130,0,G,391,1,48
130,0,B,392,0,49
131,0,R,393,0,49
131,0,G,394,1,49
131,0,B,395,0,49
132,0,R,396,0,49
132,0,G,397,0,49
132,0,B,398,1,49
133,0,R,399,0,49
133,0,G,400,0,50
133,0,B,401,0,50
134,0,R,402,1,50
134,0,G,403,1,50
134,0,B,404,1,50
135,0,R,405,0,50
135,0,G,406,1,50
135,0,B,407,0,50
136,0,R,408,0,51
136,0,G,409,0,51
136,0,B,410,1,51
137,0,R,411,0,51
137,0,G,412,0,51
137,0,B,413,0,51
138,0,R,414,0,51
138,0,G,415,0,51
138,0,B,416,0,52
139,0,R,417,0,52
139,0,G,418,1,52
139,0,B,419,0,52
140,0,R,420,0,52
140,0,G,421,0,52
140,0,B,422,1,52
141,0,R,423,0,52
141,0,G,424,0,53
141,0,B,425,1,53
142,0,R,426,1,53
142,0,G,427,1,53
142,0,B,428,0,53
143,0,R,429,1,53
143,0,G,430,0,53
143,0,B,431,0,53
144,0,R,432,0,54
144,0,G,433,1,54
144,0,B,434,1,54
145,0,R,435,0,54
145,0,G,436,0,54
145,0,B,437,1,54
146,0,R,438,0,54
146,0,G,439,1,54
146,0,B,440,0,55
147,0,R,441,1,55
147,0,G,442,1,55
147,0,B,443,1,55
148,0,R,444,1,55
148,0,G,445,0,55
148,0,B,446,0,55
149,0,R,447,0,55
149,0,G,448,0,56
149,0,B,449,1,56
150,0,R,450,1,56
150,0,G,451,1,56
150,0,B,452,0,56
151,0,R,453,1,56
151,0,G,454,0,56
151,0,B,455,0,56
152,0,R,456,0,57
152,0,G,457,0,57
152,0,B,458,1,57
153,0,R,459,0,57
153,0,G,460,0,57
153,0,B,461,0,57
154,0,R,462,1,57
154,0,G,463,0,57
154,0,B,464,0,58
155,0,R,465,0,58
155,0,G,466,1,58
155,0,B,467,0,58
156,0,R,468,1,58
156,0,G,469,1,58
156,0,B,470,0,58
157,0,R,471,0,58
157,0,G,472,0,59
157,0,B,473,0,59
158,0,R,474,1,59
158,0,G,475,0,59
158,0,B,476,0,59
159,0,R,477,0,59
159,0,G,478,0,59
159,0,B,479,0,59
160,0,R,480,0,60
160,0,G,481,0,60
160,0,B,482,1,60
161,0,R,483,0,60
161,0,G,484,0,60
161,0,B,485,0,60
162,0,R,486,1,60
162,0,G,487,0,60
162,0,B,488,0,61
163,0,R,489,1,61
163,0,G,490,1,61
163,0,B,491,0,61
164,0,R,492,0,61
164,0,G,493,1,61
164,0,B,494,1,61
165,0,R,495,0,61
165,0,G,496,0,62
165,0,B,497,1,62
166,0,R,498,1,62
166,0,G,499,0,62
166,0,B,500,1,62
167,0,R,501,0,62
167,0,G,502,0,62
167,0,B,503,1,62
168,0,R,504,0,63
168,0,G,505,1,63
168,0,B,506,1,63
169,0,R,507,0,63
169,0,G,508,1,63
169,0,B,509,1,63
170,0,R,510,0,63
170,0,G,511,0,63
170,0,B,512,0,64
171,0,R,513,1,64
171,0,G,514,1,64
171,0,B,515,0,64
172,0,R,516,0,64
172,0,G,517,1,64
172,0,B,518,0,64
173,0,R,519,1,64
173,0,G,520,0,65
173,0,B,521,1,65
174,0,R,522,1,65
174,0,G,523,0,65
174,0,B,524,1,65
175,0,R,525,1,65
175,0,G,526,1,65
175,0,B,527,0,65
176,0,R,528,0,66
176,0,G,529,1,66
176,0,B,530,1,66
177,0,R,531,0,66
177,0,G,532,0,66
177,0,B,533,0,66
178,0,R,534,0,66
178,0,G,535,1,66
178,0,B,536,0,67
179,0,R,537,1,67
179,0,G,538,1,67
179,0,B,539,0,67
180,0,R,540,1,67
180,0,G,541,1,67
180,0,B,542,0,67
181,0,R,543,1,67
181,0,G,544,0,68
181,0,B,545,1,68
182,0,R,546,1,68
182,0,G,547,0,68
182,0,B,548,0,68
183,0,R,549,1,68
183,0,G,550,0,68
183,0,B,551,1,68
184,0,R,552,0,69
184,0,G,553,0,69
184,0,B,554,1,69
185,0,R,555,0,69
185,0,G,556,0,69
185,0,B,557,0,69
186,0,R,558,1,69
186,0,G,559,0,69
186,0,B,560,0,70
187,0,R,561,0,70
187,0,G,562,1,70
187,0,B,563,1,70
188,0,R,564,1,70
188,0,G,565,0,70
188,0,B,566,1,70
189,0,R,567,0,70
189,0,G,568,0,71
189,0,B,569,0,71
190,0,R,570,1,71
190,0,G,571,0,71
190,0,B,572,0,71
191,0,R,573,0,71
191,0,G,574,0,71
191,0,B,575,0,71
192,0,R,576,0,72
192,0,G,577,0,72
192,0,B,578,1,72
193,0,R,579,0,72
193,0,G,580,0,72
193,0,B,581,0,72
194,0,R,582,1,72
194,0,G,583,0,72
194,0,B,584,0,73
195,0,R,585,1,73
195,0,G,586,1,73
195,0,B,587,0,73
196,0,R,588,1,73
196,0,G,589,1,73
196,0,B,590,0,73
197,0,R,591,1,73
197,0,G,592,0,74
197,0,B,593,1,74
198,0,R,594,1,74
198,0,G,595,0,74
198,0,B,596,0,74
199,0,R,597,1,74
199,0,G,598,0,74
199,0,B,599,1,74
200,0,R,600,0,75
200,0,G,601,1,75
200,0,B,602,1,75
201,0,R,603,1,75
201,0,G,604,0,75
201,0,B,605,0,75
202,0,R,606,1,75
202,0,G,607,1,75
202,0,B,608,0,76
203,0,R,609,1,76
203,0,G,610,1,76
203,0,B,611,1,76
204,0,R,612,0,76
204,0,G,613,0,76
204,0,B,614,1,76
205,0,R,615,1,76
205,0,G,616,0,77
205,0,B,617,1,77
206,0,R,618,1,77
206,0,G,619,0,77
206,0,B,620,0,77
207,0,R,621,0,77
207,0,G,622,0,77
207,0,B,623,1,77
208,0,R,624,0,78
208,0,G,625,1,78
208,0,B,626,1,78
209,0,R,627,0,78
209,0,G,628,0,78
209,0,B,629,1,78
210,0,R,630,1,78
210,0,G,631,1,78
210,0,B,632,0,79
211,0,R,633,1,79
211,0,G,634,1,79
211,0,B,635,0,79
212,0,R,636,0,79
212,0,G,637,1,79
212,0,B,638,0,79
213,0,R,639,1,79
213,0,G,640,0,80
213,0,B,641,0,80
214,0,R,642,1,80
214,0,G,643,0,80
214,0,B,644,1,80
215,0,R,645,1,80
215,0,G,646,1,80
215,0,B,647,0,80
216,0,R,648,0,81
216,0,G,649,1,81
216,0,B,650,1,81
217,0,R,651,1,81
217,0,G,652,0,81
217,0,B,653,1,81
218,0,R,654,0,81
218,0,G,655,0,81
218,0,B,656,0,82
219,0,R,657,1,82
219,0,G,658,1,82
219,0,B,659,1,82
220,0,R,660,1,82
220,0,G,661,0,82
220,0,B,662,0,82
221,0,R,663,0,82
221,0,G,664,0,83
221,0,B,665,1,83
222,0,R,666,1,83
222,0,G,667,1,83
222,0,B,668,0,83
223,0,R,669,1,83
223,0,G,670,0,83
223,0,B,671,0,83
224,0,R,672,0,84
224,0,G,673,0,84
224,0,B,674,1,84
225,0,R,675,0,84
225,0,G,676,0,84
225,0,B,677,0,84
226,0,R,678,1,84
226,0,G,679,0,84
226,0,B,680,0,85
227,0,R,681,0,85
227,0,G,682,1,85
227,0,B,683,0,85
228,0,R,684,1,85
228,0,G,685,1,85
228,0,B,686,0,85
229,0,R,687,0,85
229,0,G,688,0,86
229,0,B,689,0,86
230,0,R,690,1,86
230,0,G,691,0,86
230,0,B,692,0,86
231,0,R,693,0,86
231,0,G,694,0,86
231,0,B,695,0,86
232,0,R,696,0,87
232,0,G,697,0,87
232,0,B,698,1,87
233,0,R,699,0,87
233,0,G,700,0,87
233,0,B,701,0,87
234,0,R,702,1,87
234,0,G,703,0,87
234,0,B,704,0,88
235,0,R,705,1,88
235,0,G,706,1,88
235,0,B,707,0,88
236,0,R,708,1,88
236,0,G,709,1,88
236,0,B,710,0,88
237,0,R,711,1,88
237,0,G,712,0,89
237,0,B,713,1,89
238,0,R,714,1,89
238,0,G,715,0,89
238,0,B,716,1,89
239,0,R,717,0,89
239,0,G,718,0,89
239,0,B,719,1,89
240,0,R,720,0,90
240,0,G,721,1,90
240,0,B,722,1,90
241,0,R,723,0,90
241,0,G,724,1,90
241,0,B,725,1,90
242,0,R,726,0,90
242,0,G,727,1,90
242,0,B,728,0,91
243,0,R,729,1,91
243,0,G,730,1,91
243,0,B,731,0,91
244,0,R,732,0,91
244,0,G,733,1,91
244,0,B,734,0,91
245,0,R,735,1,91
245,0,G,736,0,92
245,0,B,737,1,92
246,0,R,738,0,92
246,0,G,739,1,92
246,0,B,740,1,92
247,0,R,741,1,92
247,0,G,742,1,92
247,0,B,743,1,92
248,0,R,744,0,93
248,0,G,745,1,93
248,0,B,746,1,93
249,0,R,747,1,93
249,0,G,748,0,93
249,0,B,749,1,93
250,0,R,750,0,93
250,0,G,751,0,93
250,0,B,752,0,94
251,0,R,753,1,94
251,0,G,754,1,94
251,0,B,755,1,94
252,0,R,756,1,94
252,0,G,757,0,94
252,0,B,758,0,94
253,0,R,759,1,94
253,0,G,760,0,95
253,0,B,761,1,95
254,0,R,762,1,95
254,0,G,763,1,95
254,0,B,764,0,95
255,0,R,765,0,95
255,0,G,766,0,95
255,0,B,767,0,95
256,0,R,768,0,96
256,0,G,769,1,96
256,0,B,770,1,96
257,0,R,771,0,96
257,0,G,772,0,96
257,0,B,773,1,96
258,0,R,774,0,96
258,0,G,775,1,96
258,0,B,776,0,97
259,0,R,777,0,97
259,0,G,778,1,97
259,0,B,779,0,97
260,0,R,780,0,97
260,0,G,781,0,97
260,0,B,782,1,97
261,0,R,783,0,97
261,0,G,784,0,98
261,0,B,785,0,98
262,0,R,786,1,98
262,0,G,787,1,98
262,0,B,788,1,98
263,0,R,789,0,98
263,0,G,790,1,98
263,0,B,791,0,98
264,0,R,792,0,99
264,0,G,793,0,99
264,0,B,794,1,99
265,0,R,795,0,99
265,0,G,796,0,99
265,0,B,797,0,99
266,0,R,798,0,99
266,0,G,799,0,99
266,0,B,800,0,100
267,0,R,801,0,100
267,0,G,802,1,100
267,0,B,803,0,100
268,0,R,804,0,100
268,0,G,805,0,100
268,0,B,806,1,100
269,0,R,807,0,100
269,0,G,808,0,101
269,0,B,809,1,101
270,0,R,810,1,101
270,0,G,811,1,101
270,0,B,812,0,101
271,0,R,813,1,101
271,0,G,814,0,101
271,0,B,815,0,101
272,0,R,816,0,102
272,0,G,817,1,102
272,0,B,818,1,102
273,0,R,819,0,102
273,0,G,820,0,102
273,0,B,821,1,102
274,0,R,822,0,102
274,0,G,823,1,102
274,0,B,824,0,103
275,0,R,825,1,103
275,0,G,826,1,103
275,0,B,827,1,103
276,0,R,828,1,103
276,0,G,829,0,103
276,0,B,830,0,103
277,0,R,831,0,103
277,0,G,832,0,104
277,0,B,833,1,104
278,0,R,834,1,104
278,0,G,835,1,104
278,0,B,836,0,104
279,0,R,837,1,104
279,0,G,838,0,104
279,0,B,839,0,104
280,0,R,840,0,105
280,0,G,841,0,105
280,0,B,842,1,105
281,0,R,843,0,105
281,0,G,844,1,105
281,0,B,845,1,105
282,0,R,846,1,105
282,0,G,847,1,105
282,0,B,848,0,106
283,0,R,849,1,106
283,0,G,850,1,106
283,0,B,851,1,106
284,0,R,852,0,106
284,0,G,853,0,106
284,0,B,854,0,106
285,0,R,855,0,106
285,0,G,856,0,107
285,0,B,857,1,107
286,0,R,858,1,107
286,0,G,859,0,107
286,0,B,860,1,107
287,0,R,861,1,107
287,0,G,862,0,107
287,0,B,863,0,107
288,0,R,864,0,108
288,0,G,865,1,108
288,0,B,866,1,108
289,0,R,867,0,108
289,0,G,868,0,108
289,0,B,869,0,108
290,0,R,870,0,108
290,0,G,871,1,108
290,0,B,872,0,109
291,0,R,873,1,109
291,0,G,874,1,109
291,0,B,875,0,109
292,0,R,876,1,109
292,0,G,877,0,109
292,0,B,878,0,109
293,0,R,879,1,109
293,0,G,880,0,110
293,0,B,881,1,110
294,0,R,882,1,110
294,0,G,883,0,110
294,0,B,884,1,110
295,0,R,885,1,110
295,0,G,886,1,110
295,0,B,887,0,110
296,0,R,888,0,111
296,0,G,889,0,111
296,0,B,890,1,111
297,0,R,891,0,111
297,0,G,892,0,111
297,0,B,893,0,111
298,0,R,894,1,111
298,0,G,895,0,111
298,0,B,896,0,112
299,0,R,897,0,112
299,0,G,898,1,112
299,0,B,899,0,112
300,0,R,900,1,112
300,0,G,901,1,112
300,0,B,902,0,112
301,0,R,903,0,112
301,0,G,904,0,113
301,0,B,905,0,113
302,0,R,906,1,113
302,0,G,907,0,113
302,0,B,908,0,113
303,0,R,909,0,113
303,0,G,910,0,113
303,0,B,911,0,113
304,0,R,912,0,114
304,0,G,913,0,114
304,0,B,914,1,114
305,0,R,915,0,114
305,0,G,916,0,114
305,0,B,917,0,114
306,0,R,918,1,114
306,0,G,919,0,114
306,0,B,920,0,115
307,0,R,921,1,115
307,0,G,922,1,115
307,0,B,923,1,115
308,0,R,924,0,115
308,0,G,925,0,115
308,0,B,926,0,115
309,0,R,927,0,115
309,0,G,928,0,116
309,0,B,929,1,116
310,0,R,930,1,116
310,0,G,931,0,116
310,0,B,932,0,116
311,0,R,933,0,116
311,0,G,934,0,116
311,0,B,935,1,116
312,0,R,936,0,117
312,0,G,937,1,117
312,0,B,938,1,117
313,0,R,939,1,117
313,0,G,940,1,117
313,0,B,941,0,117
314,0,R,942,0,117
314,0,G,943,1,117
314,0,B,944,0,118
315,0,R,945,1,118
315,0,G,946,1,118
315,0,B,947,0,118
316,0,R,948,1,118
316,0,G,949,1,118
316,0,B,950,0,118
317,0,R,951,0,118
317,0,G,952,0,119
317,0,B,953,1,119
318,0,R,954,1,119
318,0,G,955,0,119
318,0,B,956,1,119
319,0,R,957,1,119
319,0,G,958,1,119
319,0,B,959,1,119
320,0,R,960,0,120
320,0,G,961,1,120
320,0,B,962,1,120
321,0,R,963,0,120
321,0,G,964,0,120
321,0,B,965,0,120
322,0,R,966,0,120
322,0,G,967,1,120
322,0,B,968,0,121
323,0,R,969,1,121
323,0,G,970,1,121
323,0,B,971,0,121
324,0,R,972,0,121
324,0,G,973,1,121
324,0,B,974,0,121
325,0,R,975,0,121
325,0,G,976,0,122
325,0,B,977,1,122
326,0,R,978,0,122
326,0,G,979,1,122
326,0,B,980,1,122
327,0,R,981,1,122
327,0,G,982,1,122
327,0,B,983,1,122
328,0,R,984,0,123
328,0,G,985,1,123
328,0,B,986,1,123
329,0,R,987,1,123
329,0,G,988,0,123
329,0,B,989,0,123
330,0,R,990,1,123
330,0,G,991,1,123
330,0,B,992,0,124
331,0,R,993,1,124
331,0,G,994,1,124
331,0,B,995,0,124
332,0,R,996,1,124
332,0,G,997,0,124
332,0,B,998,0,124
333,0,R,999,1,124
333,0,G,1000,0,125
333,0,B,1001,1,125
334,0,R,1002,1,125
334,0,G,1003,1,125
334,0,B,1004,1,125
335,0,R,1005,0,125
335,0,G,1006,1,125
335,0,B,1007,0,125
336,0,R,1008,0,126
336,0,G,1009,1,126
336,0,B,1010,1,126
337,0,R,1011,0,126
337,0,G,1012,0,126
337,0,B,1013,1,126
338,0,R,1014,0,126
338,0,G,1015,1,126
338,0,B,1016,0,127
339,0,R,1017,0,127
339,0,G,1018,1,127
339,0,B,1019,0,127
340,0,R,1020,0,127
340,0,G,1021,0,127
340,0,B,1022,1,127
341,0,R,1023,0,127
341,0,G,1024,0,128
341,0,B,1025,0,128
342,0,R,1026,1,128
342,0,G,1027,1,128
342,0,B,1028,1,128
343,0,R,1029,0,128
343,0,G,1030,1,128
343,0,B,1031,0,128
344,0,R,1032,0,129
344,0,G,1033,0,129
344,0,B,1034,1,129
345,0,R,1035,0,129
345,0,G,1036,0,129
345,0,B,1037,0,129
346,0,R,1038,0,129
346,0,G,1039,0,129
346,0,B,1040,0,130
347,0,R,1041,0,130
347,0,G,1042,1,130
347,0,B,1043,1,130
348,0,R,1044,0,130
348,0,G,1045,0,130
348,0,B,1046,1,130
349,0,R,1047,0,130
349,0,G,1048,0,131
349,0,B,1049,0,131
350,0,R,1050,1,131
350,0,G,1051,1,131
350,0,B,1052,0,131
351,0,R,1053,0,131
351,0,G,1054,0,131
351,0,B,1055,1,131
352,0,R,1056,0,132
352,0,G,1057,0,132
352,0,B,1058,1,132
353,0,R,1059,0,132
353,0,G,1060,1,132
353,0,B,1061,1,132
354,0,R,1062,0,132
354,0,G,1063,0,132
354,0,B,1064,0,133
355,0,R,1065,0,133
355,0,G,1066,1,133
355,0,B,1067,0,133
356,0,R,1068,0,133
356,0,G,1069,0,133
356,0,B,1070,0,133
357,0,R,1071,0,133
357,0,G,1072,0,134
357,0,B,1073,0,134
358,0,R,1074,1,134
358,0,G,1075,0,134
358,0,B,1076,0,134
359,0,R,1077,0,134
359,0,G,1078,1,134
359,0,B,1079,0,134
360,0,R,1080,0,135
360,0,G,1081,1,135
360,0,B,1082,1,135
361,0,R,1083,1,135
361,0,G,1084,0,135
361,0,B,1085,0,135
362,0,R,1086,1,135
362,0,G,1087,1,135
362,0,B,1088,0,136
363,0,R,1089,1,136
363,0,G,1090,1,136
363,0,B,1091,0,136
364,0,R,1092,1,136
364,0,G,1093,0,136
364,0,B,1094,0,136
365,0,R,1095,0,136
365,0,G,1096,0,137
365,0,B,1097,1,137
366,0,R,1098,1,137
366,0,G,1099,0,137
366,0,B,1100,0,137
367,0,R,1101,0,137
367,0,G,1102,0,137
367,0,B,1103,1,137
368,0,R,1104,0,138
368,0,G,1105,0,138
368,0,B,1106,1,138
369,0,R,1107,1,138
369,0,G,1108,0,138
369,0,B,1109,0,138
370,0,R,1110,1,138
370,0,G,1111,0,138
370,0,B,1112,0,139
371,0,R,1113,0,139
371,0,G,1114,1,139
371,0,B,1115,1,139
372,0,R,1116,0,139
372,0,G,1117,1,139
372,0,B,1118,0,139
373,0,R,1119,1,139
373,0,G,1120,0,140
373,0,B,1121,0,140
374,0,R,1122,1,140
374,0,G,1123,1,140
374,0,B,1124,0,140
375,0,R,1125,1,140
375,0,G,1126,1,140
375,0,B,1127,0,140
376,0,R,1128,0,141
376,0,G,1129,0,141
376,0,B,1130,1,141
377,0,R,1131,0,141
377,0,G,1132,0,141
377,0,B,1133,0,141
378,0,R,1134,1,141
378,0,G,1135,0,141
378,0,B,1136,0,142
379,0,R,1137,0,142
379,0,G,1138,1,142
379,0,B,1139,1,142
380,0,R,1140,1,142
380,0,G,1141,0,142
380,0,B,1142,1,142
381,0,R,1143,0,142
381,0,G,1144,0,143
381,0,B,1145,0,143
382,0,R,1146,1,143
382,0,G,1147,0,143
382,0,B,1148,0,143
383,0,R,1149,0,143
383,0,G,1150,0,143
383,0,B,1151,0,143
384,0,R,1152,0,144
384,0,G,1153,0,144
384,0,B,1154,1,144
385,0,R,1155,0,144
385,0,G,1156,0,144
385,0,B,1157,0,144
386,0,R,1158,1,144
386,0,G,1159,0,144
386,0,B,1160,0,145
387,0,R,1161,0,145
387,0,G,1162,1,145
387,0,B,1163,1,145
388,0,R,1164,0,145
388,0,G,1165,1,145
388,0,B,1166,0,145
389,0,R,1167,0,145
389,0,G,1168,0,146
389,0,B,1169,1,146
390,0,R,1170,1,146
390,0,G,1171,0,146
390,0,B,1172,0,146
391,0,R,1173,0,146
391,0,G,1174,1,146
391,0,B,1175,1,146
392,0,R,1176,0,147
392,0,G,1177,1,147
392,0,B,1178,1,147
393,0,R,1179,0,147
393,0,G,1180,0,147
393,0,B,1181,0,147
394,0,R,1182,1,147
394,0,G,1183,0,147
394,0,B,1184,0,148
395,0,R,1185,0,148
395,0,G,1186,1,148
395,0,B,1187,1,148
396,0,R,1188,0,148
396,0,G,1189,0,148
396,0,B,1190,1,148
397,0,R,1191,1,148
397,0,G,1192,0,149
397,0,B,1193,0,149
398,0,R,1194,1,149
398,0,G,1195,1,149
398,0,B,1196,0,149
399,0,R,1197,1,149
399,0,G,1198,0,149
399,0,B,1199,0,149
400,0,R,1200,0,150
400,0,G,1201,0,150
400,0,B,1202,1,150
401,0,R,1203,1,150
401,0,G,1204,1,150
401,0,B,1205,0,150
402,0,R,1206,0,150
402,0,G,1207,1,150
402,0,B,1208,0,151
403,0,R,1209,0,151
403,0,G,1210,1,151
403,0,B,1211,1,151
404,0,R,1212,0,151
404,0,G,1213,0,151
404,0,B,1214,1,151
405,0,R,1215,1,151
405,0,G,1216,0,152
405,0,B,1217,0,152
406,0,R,1218,1,152
406,0,G,1219,1,152
406,0,B,1220,1,152
407,0,R,1221,0,152
407,0,G,1222,0,152
407,0,B,1223,0,152
408,0,R,1224,0,153
408,0,G,1225,0,153
408,0,B,1226,1,153
409,0,R,1227,1,153
409,0,G,1228,0,153
409,0,B,1229,0,153
410,0,R,1230,1,153
410,0,G,1231,0,153
410,0,B,1232,0,154
411,0,R,1233,0,154
411,0,G,1234,1,154
411,0,B,1235,1,154
412,0,R,1236,0,154
412,0,G,1237,0,154
412,0,B,1238,1,154
413,0,R,1239,0,154
413,0,G,1240,0,155
413,0,B,1241,0,155
414,0,R,1242,1,155
414,0,G,1243,1,155
414,0,B,1244,0,155
415,0,R,1245,1,155
415,0,G,1246,1,155
415,0,B,1247,0,155
416,0,R,1248,0,156
416,0,G,1249,0,156
416,0,B,1250,1,156
417,0,R,1251,1,156
417,0,G,1252,0,156
417,0,B,1253,0,156
418,0,R,1254,1,156
418,0,G,1255,0,156
418,0,B,1256,0,157
419,0,R,1257,1,157
419,0,G,1258,1,157
419,0,B,1259,0,157
420,0,R,1260,0,157
420,0,G,1261,0,157
420,0,B,1262,1,157
421,0,R,1263,0,157
421,0,G,1264,0,158
421,0,B,1265,0,158
422,0,R,1266,1,158
422,0,G,1267,1,158
422,0,B,1268,0,158
423,0,R,1269,0,158
423,0,G,1270,1,158
423,0,B,1271,0,158
424,0,R,1272,0,159
424,0,G,1273,0,159
424,0,B,1274,1,159
425,0,R,1275,1,159
425,0,G,1276,0,159
425,0,B,1277,0,159
426,0,R,1278,1,159
426,0,G,1279,0,159
426,0,B,1280,0,160
427,0,R,1281,0,160
427,0,G,1282,1,160
427,0,B,1283,1,160
428,0,R,1284,0,160
428,0,G,1285,1,160
428,0,B,1286,0,160
429,0,R,1287,1,160
429,0,G,1288,0,161
429,0,B,1289,0,161
430,0,R,1290,1,161
430,0,G,1291,1,161
430,0,B,1292,1,161
431,0,R,1293,0,161
431,0,G,1294,0,161
431,0,B,1295,0,161
432,0,R,1296,0,162
432,0,G,1297,0,162
432,0,B,1298,1,162
433,0,R,1299,1,162
433,0,G,1300,0,162
433,0,B,1301,1,162
434,0,R,1302,0,162
434,0,G,1303,1,162
434,0,B,1304,0,163
435,0,R,1305,0,163
435,0,G,1306,1,163
435,0,B,1307,1,163
436,0,R,1308,0,163
436,0,G,1309,0,163
436,0,B,1310,0,163
437,0,R,1311,0,163
437,0,G,1312,0,164
437,0,B,1313,0,164
438,0,R,1314,1,164
438,0,G,1315,1,164
438,0,B,1316,0,164
439,0,R,1317,1,164
439,0,G,1318,0,164
439,0,B,1319,1,164
440,0,R,1320,0,165
440,0,G,1321,0,165
440,0,B,1322,1,165
441,0,R,1323,1,165
441,0,G,1324,0,165
441,0,B,1325,1,165
442,0,R,1326,0,165
442,0,G,1327,1,165
442,0,B,1328,0,166
443,0,R,1329,1,166
443,0,G,1330,1,166
443,0,B,1331,0,166
444,0,R,1332,0,166
444,0,G,1333,0,166
444,0,B,1334,1,166
445,0,R,1335,1,166
445,0,G,1336,0,167
445,0,B,1337,0,167
446,0,R,1338,1,167
446,0,G,1339,1,167
446,0,B,1340,0,167
447,0,R,1341,0,167
447,0,G,1342,0,167
447,0,B,1343,0,167
448,0,R,1344,0,168
448,0,G,1345,0,168
448,0,B,1346,1,168
449,0,R,1347,1,168
449,0,G,1348,0,168
449,0,B,1349,0,168
450,0,R,1350,0,168
450,0,G,1351,0,168
450,0,B,1352,0,169
451,0,R,1353,1,169
451,0,G,1354,1,169
451,0,B,1355,0,169
452,0,R,1356,0,169
452,0,G,1357,0,169
452,0,B,1358,1,169
453,0,R,1359,0,169
453,0,G,1360,0,170
453,0,B,1361,0,170
454,0,R,1362,1,170
454,0,G,1363,1,170
454,0,B,1364,0,170
455,0,R,1365,1,170
455,0,G,1366,1,170
455,0,B,1367,1,170
456,0,R,1368,0,171
456,0,G,1369,0,171
456,0,B,1370,1,171
457,0,R,1371,1,171
457,0,G,1372,1,171
457,0,B,1373,0,171
458,0,R,1374,0,171
458,0,G,1375,0,171
458,0,B,1376,0,172
459,0,R,1377,0,172
459,0,G,1378,1,172
459,0,B,1379,1,172
460,0,R,1380,0,172
460,0,G,1381,0,172
460,0,B,1382,1,172
461,0,R,1383,1,172
461,0,G,1384,0,173
461,0,B,1385,1,173
462,0,R,1386,1,173
462,0,G,1387,0,173
462,0,B,1388,0,173
463,0,R,1389,0,173
463,0,G,1390,0,173
463,0,B,1391,1,173
464,0,R,1392,0,174
464,0,G,1393,1,174
464,0,B,1394,1,174
465,0,R,1395,0,174
465,0,G,1396,0,174
465,0,B,1397,0,174
466,0,R,1398,1,174
466,0,G,1399,1,174
466,0,B,1400,0,175
467,0,R,1401,1,175
467,0,G,1402,1,175
467,0,B,1403,0,175
468,0,R,1404,0,175
468,0,G,1405,1,175
468,0,B,1406,1,175
469,0,R,1407,0,175
469,0,G,1408,0,176
469,0,B,1409,0,176
470,0,R,1410,1,176
470,0,G,1411,1,176
470,0,B,1412,0,176
471,0,R,1413,0,176
471,0,G,1414,1,176
471,0,B,1415,0,176
472,0,R,1416,0,177
472,0,G,1417,0,177
472,0,B,1418,1,177
473,0,R,1419,1,177
473,0,G,1420,0,177
473,0,B,1421,1,177
474,0,R,1422,0,177
474,0,G,1423,1,177
474,0,B,1424,0,178
475,0,R,1425,0,178
475,0,G,1426,1,178
475,0,B,1427,1,178
476,0,R,1428,0,178
476,0,G,1429,1,178
476,0,B,1430,1,178
477,0,R,1431,1,178
477,0,G,1432,0,179
477,0,B,1433,0,179
478,0,R,1434,1,179
478,0,G,1435,1,179
478,0,B,1436,0,179
479,0,R,1437,1,179
479,0,G,1438,1,179
479,0,B,1439,0,179
480,0,R,1440,0,180
480,0,G,1441,0,180
480,0,B,1442,1,180
481,0,R,1443,1,180
481,0,G,1444,1,180
481,0,B,1445,0,180
482,0,R,1446,0,180
482,0,G,1447,0,180
482,0,B,1448,0,181
483,0,R,1449,0,181
483,0,G,1450,1,181
483,0,B,1451,1,181
484,0,R,1452,0,181
484,0,G,1453,0,181
484,0,B,1454,0,181
485,0,R,1455,0,181
485,0,G,1456,0,182
485,0,B,1457,0,182
486,0,R,1458,1,182
486,0,G,1459,1,182
486,0,B,1460,0,182
487,0,R,1461,0,182
487,0,G,1462,0,182
487,0,B,1463,0,182
488,0,R,1464,0,183
488,0,G,1465,1,183
488,0,B,1466,1,183
489,0,R,1467,0,183
489,0,G,1468,0,183
489,0,B,1469,1,183
490,0,R,1470,0,183
490,0,G,1471,1,183
490,0,B,1472,0,184
491,0,R,1473,0,184
491,0,G,1474,1,184
491,0,B,1475,1,184
492,0,R,1476,0,184
492,0,G,1477,1,184
492,0,B,1478,0,184
493,0,R,1479,0,184
493,0,G,1480,0,185
493,0,B,1481,0,185
494,0,R,1482,1,185
494,0,G,1483,1,185
494,0,B,1484,0,185
495,0,R,1485,0,185
495,0,G,1486,1,185
495,0,B,1487,0,185
496,0,R,1488,0,186
496,0,G,1489,1,186
496,0,B,1490,1,186
497,0,R,1491,0,186
497,0,G,1492,0,186
497,0,B,1493,1,186
498,0,R,1494,0,186
498,0,G,1495,0,186
498,0,B,1496,0,187
499,0,R,1497,0,187
499,0,G,1498,1,187
499,0,B,1499,1,187
500,0,R,1500,1,187
500,0,G,1501,0,187
500,0,B,1502,0,187
501,0,R,1503,0,187
501,0,G,1504,0,188
501,0,B,1505,1,188
502,0,R,1506,1,188
502,0,G,1507,0,188
502,0,B,1508,0,188
503,0,R,1509,0,188
503,0,G,1510,0,188
503,0,B,1511,1,188
504,0,R,1512,0,189
504,0,G,1513,1,189
504,0,B,1514,1,189
505,0,R,1515,0,189
505,0,G,1516,0,189
505,0,B,1517,1,189
506,0,R,1518,0,189
506,0,G,1519,1,189
506,0,B,1520,0,190
507,0,R,1521,1,190
507,0,G,1522,1,190
507,0,B,1523,0,190
508,0,R,1524,0,190
508,0,G,1525,0,190
508,0,B,1526,1,190
509,0,R,1527,1,190
509,0,G,1528,0,191
509,0,B,1529,1,191
510,0,R,1530,1,191
510,0,G,1531,0,191
510,0,B,1532,0,191
511,0,R,1533,0,191
511,0,G,1534,1,191
511,0,B,1535,0,191
512,0,R,1536,0,192
512,0,G,1537,0,192
512,0,B,1538,1,192
513,0,R,1539,1,192
513,0,G,1540,0,192
513,0,B,1541,1,192
514,0,R,1542,0,192
514,0,G,1543,1,192
514,0,B,1544,0,193
515,0,R,1545,1,193
515,0,G,1546,1,193
515,0,B,1547,0,193
516,0,R,1548,0,193
516,0,G,1549,1,193
516,0,B,1550,0,193
517,0,R,1551,0,193
517,0,G,1552,0,194
517,0,B,1553,0,194
518,0,R,1554,1,194
518,0,G,1555,1,194
518,0,B,1556,1,194
519,0,R,1557,0,194
519,0,G,1558,0,194
519,0,B,1559,1,194
520,0,R,1560,0,195
520,0,G,1561,1,195
520,0,B,1562,1,195
521,0,R,1563,0,195
521,0,G,1564,0,195
521,0,B,1565,0,195
522,0,R,1566,1,195
522,0,G,1567,1,195
522,0,B,1568,0,196
523,0,R,1569,1,196
523,0,G,1570,1,196
523,0,B,1571,0,196
524,0,R,1572,0,196
524,0,G,1573,0,196
524,0,B,1574,1,196
525,0,R,1575,1,196
525,0,G,1576,0,197
525,0,B,1577,0,197
526,0,R,1578,1,197
526,0,G,1579,1,197
526,0,B,1580,0,197
527,0,R,1581,1,197
527,0,G,1582,0,197
527,0,B,1583,1,197
528,0,R,1584,0,198
528,0,G,1585,1,198
528,0,B,1586,1,198
529,0,R,1587,0,198
529,0,G,1588,0,198
529,0,B,1589,0,198
530,0,R,1590,1,198
530,0,G,1591,0,198
530,0,B,1592,0,199
531,0,R,1593,1,199
531,0,G,1594,1,199
531,0,B,1595,0,199
532,0,R,1596,0,199
532,0,G,1597,1,199
532,0,B,1598,1,199
533,0,R,1599,0,199
533,0,G,1600,0,200
533,0,B,1601,1,200
534,0,R,1602,1,200
534,0,G,1603,0,200
534,0,B,1604,0,200
535,0,R,1605,1,200
535,0,G,1606,0,200
535,0,B,1607,1,200
536,0,R,1608,0,201
536,0,G,1609,1,201
536,0,B,1610,1,201
537,0,R,1611,0,201
537,0,G,1612,0,201
537,0,B,1613,0,201
538,0,R,1614,1,201
538,0,G,1615,1,201
538,0,B,1616,0,202
539,0,R,1617,0,202
539,0,G,1618,1,202
539,0,B,1619,1,202
540,0,R,1620,0,202
540,0,G,1621,0,202
540,0,B,1622,1,202
541,0,R,1623,1,202
541,0,G,1624,0,203
541,0,B,1625,1,203
542,0,R,1626,1,203
542,0,G,1627,0,203
542,0,B,1628,0,203
543,0,R,1629,1,203
543,0,G,1630,0,203
543,0,B,1631,1,203
544,0,R,1632,0,204
544,0,G,1633,0,204
544,0,B,1634,1,204
545,0,R,1635,1,204
545,0,G,1636,0,204
545,0,B,1637,0,204
546,0,R,1638,0,204
546,0,G,1639,0,204
546,0,B,1640,0,205
547,0,R,1641,0,205
547,0,G,1642,1,205
547,0,B,1643,1,205
548,0,R,1644,0,205
548,0,G,1645,1,205
548,0,B,1646,0,205
549,0,R,1647,0,205
549,0,G,1648,0,206
549,0,B,1649,0,206
550,0,R,1650,1,206
550,0,G,1651,1,206
550,0,B,1652,0,206
551,0,R,1653,1,206
551,0,G,1654,0,206
551,0,B,1655,1,206
552,0,R,1656,0,207
552,0,G,1657,0,207
552,0,B,1658,1,207
553,0,R,1659,1,207
553,0,G,1660,0,207
553,0,B,1661,1,207
554,0,R,1662,1,207
554,0,G,1663,0,207
554,0,B,1664,0,208
555,0,R,1665,1,208
555,0,G,1666,1,208
555,0,B,1667,0,208
556,0,R,1668,0,208
556,0,G,1669,0,208
556,0,B,1670,1,208
557,0,R,1671,0,208
557,0,G,1672,0,209
557,0,B,1673,0,209
558,0,R,1674,1,209
558,0,G,1675,0,209
558,0,B,1676,0,209
559,0,R,1677,0,209
559,0,G,1678,1,209
559,0,B,1679,0,209
560,0,R,1680,0,210
560,0,G,1681,0,210
560,0,B,1682,1,210
561,0,R,1683,0,210
561,0,G,1684,1,210
561,0,B,1685,1,210
562,0,R,1686,0,210
562,0,G,1687,0,210
562,0,B,1688,0,211
563,0,R,1689,0,211
563,0,G,1690,1,211
563,0,B,1691,0,211
564,0,R,1692,0,211
564,0,G,1693,0,211
564,0,B,1694,0,211
565,0,R,1695,0,211
565,0,G,1696,0,212
565,0,B,1697,0,212
566,0,R,1698,1,212
566,0,G,1699,0,212
566,0,B,1700,0,212
567,0,R,1701,0,212
567,0,G,1702,1,212
567,0,B,1703,0,212
568,0,R,1704,0,213
568,0,G,1705,1,213
568,0,B,1706,1,213
569,0,R,1707,0,213
569,0,G,1708,0,213
569,0,B,1709,0,213
570,0,R,1710,1,213
570,0,G,1711,0,213
570,0,B,1712,0,214
571,0,R,1713,1,214
571,0,G,1714,1,214
571,0,B,1715,0,214
572,0,R,1716,1,214
572,0,G,1717,0,214
572,0,B,1718,0,214
573,0,R,1719,1,214
573,0,G,1720,0,215
573,0,B,1721,1,215
574,0,R,1722,1,215
574,0,G,1723,1,215
574,0,B,1724,0,215
575,0,R,1725,1,215
575,0,G,1726,0,215
575,0,B,1727,0,215
576,0,R,1728,0,216
576,0,G,1729,1,216
576,0,B,1730,1,216
577,0,R,1731,1,216
577,0,G,1732,0,216
577,0,B,1733,0,216
578,0,R,1734,1,216
578,0,G,1735,1,216
578,0,B,1736,0,217
579,0,R,1737,1,217
579,0,G,1738,0,217
579,0,B,1739,1,217
580,0,R,1740,1,217
580,0,G,1741,1,217
580,0,B,1742,1,217
581,0,R,1743,1,217
581,0,G,1744,0,218
581,0,B,1745,1,218
582,0,R,1746,1,218
582,0,G,1747,1,218
582,0,B,1748,0,218
583,0,R,1749,0,218
583,0,G,1750,0,218
583,0,B,1751,0,218
584,0,R,1752,0,219
584,0,G,1753,1,219
584,0,B,1754,1,219
585,0,R,1755,0,219
585,0,G,1756,0,219
585,0,B,1757,1,219
586,0,R,1758,0,219
586,0,G,1759,1,219
586,0,B,1760,0,220
587,0,R,1761,1,220
587,0,G,1762,1,220
587,0,B,1763,1,220
588,0,R,1764,0,220
588,0,G,1765,0,220
588,0,B,1766,1,220
589,0,R,1767,0,220
589,0,G,1768,0,221
589,0,B,1769,1,221
590,0,R,1770,0,221
590,0,G,1771,1,221
590,0,B,1772,1,221
591,0,R,1773,1,221
591,0,G,1774,1,221
591,0,B,1775,1,221
592,0,R,1776,0,222
592,0,G,1777,1,222
592,0,B,1778,1,222
593,0,R,1779,0,222
593,0,G,1780,0,222
593,0,B,1781,0,222
594,0,R,1782,1,222
594,0,G,1783,1,222
594,0,B,1784,0,223
595,0,R,1785,1,223
595,0,G,1786,1,223
595,0,B,1787,0,223
596,0,R,1788,1,223
596,0,G,1789,0,223
596,0,B,1790,0,223
597,0,R,1791,0,223
597,0,G,1792,0,224
597,0,B,1793,1,224
598,0,R,1794,1,224
598,0,G,1795,0,224
598,0,B,1796,0,224
599,0,R,1797,0,224
599,0,G,1798,0,224
599,0,B,1799,1,224
600,0,R,1800,0,225
600,0,G,1801,1,225
600,0,B,1802,1,225
601,0,R,1803,0,225
601,0,G,1804,1,225
601,0,B,1805,1,225
602,0,R,1806,1,225
602,0,G,1807,0,225
602,0,B,1808,0,226
603,0,R,1809,1,226
603,0,G,1810,1,226
603,0,B,1811,0,226
604,0,R,1812,1,226
604,0,G,1813,1,226
604,0,B,1814,1,226
605,0,R,1815,0,226
605,0,G,1816,0,227
605,0,B,1817,1,227
606,0,R,1818,1,227
606,0,G,1819,0,227
606,0,B,1820,0,227
607,0,R,1821,1,227
607,0,G,1822,0,227
607,0,B,1823,1,227
608,0,R,1824,0,228
608,0,G,1825,1,228
608,0,B,1826,1,228
609,0,R,1827,0,228
609,0,G,1828,1,228
609,0,B,1829,1,228
610,0,R,1830,0,228
610,0,G,1831,0,228
610,0,B,1832,0,229
611,0,R,1833,0,229
611,0,G,1834,1,229
611,0,B,1835,0,229
612,0,R,1836,0,229
612,0,G,1837,0,229
612,0,B,1838,1,229
613,0,R,1839,0,229
613,0,G,1840,0,230
613,0,B,1841,0,230
614,0,R,1842,1,230
614,0,G,1843,1,230
614,0,B,1844,1,230
615,0,R,1845,0,230
615,0,G,1846,1,230
615,0,B,1847,0,230
616,0,R,1848,0,231
616,0,G,1849,0,231
616,0,B,1850,1,231
617,0,R,1851,0,231
617,0,G,1852,0,231
617,0,B,1853,0,231
618,0,R,1854,0,231
618,0,G,1855,0,231
618,0,B,1856,0,232
619,0,R,1857,0,232
619,0,G,1858,1,232
619,0,B,1859,1,232
620,0,R,1860,0,232
620,0,G,1861,0,232
620,0,B,1862,0,232
621,0,R,1863,1,232
621,0,G,1864,0,233
621,0,B,1865,0,233
622,0,R,1866,1,233
622,0,G,1867,0,233
622,0,B,1868,1,233
623,0,R,1869,1,233
623,0,G,1870,0,233
623,0,B,1871,0,233
624,0,R,1872,0,234
624,0,G,1873,0,234
624,0,B,1874,1,234
625,0,R,1875,0,234
625,0,G,1876,0,234
625,0,B,1877,0,234
626,0,R,1878,0,234
626,0,G,1879,0,234
626,0,B,1880,0,235
627,0,R,1881,0,235
627,0,G,1882,1,235
627,0,B,1883,0,235
628,0,R,1884,0,235
628,0,G,1885,0,235
628,0,B,1886,1,235
629,0,R,1887,0,235
629,0,G,1888,0,236
629,0,B,1889,1,236
630,0,R,1890,1,236
630,0,G,1891,0,236
630,0,B,1892,0,236
631,0,R,1893,0,236
631,0,G,1894,1,236
631,0,B,1895,1,236
632,0,R,1896,0,237
632,0,G,1897,1,237
632,0,B,1898,1,237
633,0,R,1899,0,237
633,0,G,1900,1,237
633,0,B,1901,0,237
634,0,R,1902,0,237
634,0,G,1903,0,237
634,0,B,1904,0,238
635,0,R,1905,1,238
635,0,G,1906,1,238
635,0,B,1907,0,238
636,0,R,1908,0,238
636,0,G,1909,0,238
636,0,B,1910,0,238
637,0,R,1911,1,238
637,0,G,1912,0,239
637,0,B,1913,1,239
638,0,R,1914,1,239
638,0,G,1915,0,239
638,0,B,1916,1,239
639,0,R,1917,1,239
639,0,G,1918,1,239
639,0,B,1919,0,239
640,0,R,1920,0,240
640,0,G,1921,1,240
640,0,B,1922,1,240
641,0,R,1923,0,240
641,0,G,1924,1,240
641,0,B,1925,1,240
642,0,R,1926,1,240
642,0,G,1927,0,240
642,0,B,1928,0,241
643,0,R,1929,1,241
643,0,G,1930,1,241
643,0,B,1931,0,241
644,0,R,1932,0,241
644,0,G,1933,1,241
644,0,B,1934,0,241
645,0,R,1935,1,241
645,0,G,1936,0,242
645,0,B,1937,1,242
646,0,R,1938,1,242
646,0,G,1939,0,242
646,0,B,1940,1,242
647,0,R,1941,1,242
647,0,G,1942,0,242
647,0,B,1943,0,242
648,0,R,1944,0,243
648,0,G,1945,1,243
648,0,B,1946,1,243
649,0,R,1947,1,243
649,0,G,1948,0,243
649,0,B,1949,0,243
650,0,R,1950,1,243
650,0,G,1951,1,243
650,0,B,1952,0,244
651,0,R,1953,0,244
651,0,G,1954,1,244
651,0,B,1955,0,244
652,0,R,1956,0,244
652,0,G,1957,0,244
652,0,B,1958,1,244
653,0,R,1959,0,244
653,0,G,1960,0,245
653,0,B,1961,0,245
654,0,R,1962,1,245
654,0,G,1963,1,245
654,0,B,1964,1,245
655,0,R,1965,0,245
655,0,G,1966,1,245
655,0,B,1967,0,245
656,0,R,1968,0,246
656,0,G,1969,0,246
656,0,B,1970,1,246
657,0,R,1971,0,246
657,0,G,1972,0,246
657,0,B,1973,0,246
658,0,R,1974,0,246
658,0,G,1975,0,246
658,0,B,1976,0,247
659,0,R,1977,1,247
659,0,G,1978,0,247
659,0,B,1979,1,247
660,0,R,1980,1,247
660,0,G,1981,0,247
660,0,B,1982,1,247
661,0,R,1983,1,247
661,0,G,1984,0,248
661,0,B,1985,0,248
662,0,R,1986,1,248
662,0,G,1987,0,248
662,0,B,1988,0,248
663,0,R,1989,0,248
663,0,G,1990,1,248
663,0,B,1991,0,248
664,0,R,1992,0,249
664,0,G,1993,1,249
664,0,B,1994,0,249
665,0,R,1995,1,249
665,0,G,1996,0,249
665,0,B,1997,0,249
666,0,R,1998,1,249
666,0,G,1999,0,249
666,0,B,2000,0,250
667,0,R,2001,0,250
667,0,G,2002,1,250
667,0,B,2003,0,250
668,0,R,2004,0,250
668,0,G,2005,0,250
668,0,B,2006,1,250
669,0,R,2007,0,250
669,0,G,2008,0,251
669,0,B,2009,0,251
670,0,R,2010,1,251
670,0,G,2011,0,251
670,0,B,2012,1,251
671,0,R,2013,1,251
671,0,G,2014,0,251
671,0,B,2015,0,251
672,0,R,2016,0,252
672,0,G,2017,0,252
672,0,B,2018,1,252
673,0,R,2019,0,252
673,0,G,2020,0,252
673,0,B,2021,0,252
674,0,R,2022,0,252
674,0,G,2023,0,252
674,0,B,2024,0,253
675,0,R,2025,0,253
675,0,G,2026,1,253
675,0,B,2027,0,253
676,0,R,2028,0,253
676,0,G,2029,0,253
676,0,B,2030,1,253
677,0,R,2031,0,253
677,0,G,2032,0,254
677,0,B,2033,1,254
678,0,R,2034,0,254
678,0,G,2035,0,254
678,0,B,2036,0,254
679,0,R,2037,1,254
679,0,G,2038,1,254
679,0,B,2039,1,254
680,0,R,2040,0,255
680,0,G,2041,0,255
680,0,B,2042,1,255
681,0,R,2043,0,255
681,0,G,2044,0,255
681,0,B,2045,0,255
682,0,R,2046,1,255
682,0,G,2047,0,255
682,0,B,2048,0,256
683,0,R,2049,0,256
683,0,G,2050,1,256
683,0,B,2051,0,256
684,0,R,2052,1,256
684,0,G,2053,1,256
684,0,B,2054,0,256
685,0,R,2055,0,256
685,0,G,2056,0,257
685,0,B,2057,0,257
686,0,R,2058,1,257
686,0,G,2059,0,257
686,0,B,2060,0,257
687,0,R,2061,0,257
687,0,G,2062,0,257
687,0,B,2063,0,257
688,0,R,2064,0,258
688,0,G,2065,0,258
688,0,B,2066,1,258
689,0,R,2067,0,258
689,0,G,2068,0,258
689,0,B,2069,0,258
690,0,R,2070,1,258
690,0,G,2071,0,258
690,0,B,2072,0,259
691,0,R,2073,1,259
691,0,G,2074,0,259
691,0,B,2075,0,259
692,0,R,2076,0,259
692,0,G,2077,0,259
692,0,B,2078,1,259
693,0,R,2079,0,259
693,0,G,2080,0,260
693,0,B,2081,0,260
694,0,R,2082,1,260
694,0,G,2083,0,260
694,0,B,2084,0,260
695,0,R,2085,0,260
695,0,G,2086,1,260
695,0,B,2087,0,260
696,0,R,2088,0,261
696,0,G,2089,1,261
696,0,B,2090,0,261
697,0,R,2091,1,261
697,0,G,2092,1,261
697,0,B,2093,1,261
698,0,R,2094,0,261
698,0,G,2095,1,261
698,0,B,2096,0,262
699,0,R,2097,0,262
699,0,G,2098,1,262
699,0,B,2099,0,262
700,0,R,2100,1,262
700,0,G,2101,1,262
700,0,B,2102,0,262
701,0,R,2103,0,262
701,0,G,2104,0,263
701,0,B,2105,0,263
702,0,R,2106,1,263
702,0,G,2107,0,263
702,0,B,2108,0,263
703,0,R,2109,0,263
703,0,G,2110,0,263
703,0,B,2111,0,263
704,0,R,2112,0,264
704,0,G,2113,0,264
704,0,B,2114,1,264
705,0,R,2115,0,264
705,0,G,2116,0,264
705,0,B,2117,0,264
706,0,R,2118,1,264
706,0,G,2119,0,264
706,0,B,2120,0,265
707,0,R,2121,1,265
707,0,G,2122,1,265
707,0,B,2123,0,265
708,0,R,2124,1,265
708,0,G,2125,1,265
708,0,B,2126,0,265
709,0,R,2127,1,265
709,0,G,2128,0,266
709,0,B,2129,1,266
710,0,R,2130,1,266
710,0,G,2131,0,266
710,0,B,2132,1,266
711,0,R,2133,1,266
711,0,G,2134,1,266
711,0,B,2135,1,266
712,0,R,2136,0,267
712,0,G,2137,1,267
712,0,B,2138,1,267
713,0,R,2139,0,267
713,0,G,2140,0,267
713,0,B,2141,1,267
714,0,R,2142,0,267
714,0,G,2143,0,267
714,0,B,2144,0,268
715,0,R,2145,1,268
715,0,G,2146,1,268
715,0,B,2147,0,268
716,0,R,2148,0,268
716,0,G,2149,1,268
716,0,B,2150,0,268
717,0,R,2151,1,268
717,0,G,2152,0,269
717,0,B,2153,0,269
718,0,R,2154,1,269
718,0,G,2155,0,269
718,0,B,2156,0,269
719,0,R,2157,0,269
719,0,G,2158,1,269
719,0,B,2159,0,269
720,0,R,2160,0,270
720,0,G,2161,0,270
720,0,B,2162,1,270
721,0,R,2163,1,270
721,0,G,2164,1,270
721,0,B,2165,0,270
722,0,R,2166,1,270
722,0,G,2167,0,270
722,0,B,2168,0,271
723,0,R,2169,0,271
723,0,G,2170,1,271
723,0,B,2171,0,271
724,0,R,2172,0,271
724,0,G,2173,0,271
724,0,B,2174,0,271
725,0,R,2175,0,271
725,0,G,2176,0,272
725,0,B,2177,0,272
726,0,R,2178,1,272
726,0,G,2179,0,272
726,0,B,2180,0,272
727,0,R,2181,0,272
727,0,G,2182,1,272
727,0,B,2183,0,272
728,0,R,2184,0,273
728,0,G,2185,1,273
728,0,B,2186,1,273
729,0,R,2187,1,273
729,0,G,2188,0,273
729,0,B,2189,0,273
730,0,R,2190,1,273
730,0,G,2191,1,273
730,0,B,2192,0,274
731,0,R,2193,1,274
731,0,G,2194,1,274
731,0,B,2195,0,274
732,0,R,2196,0,274
732,0,G,2197,1,274
732,0,B,2198,0,274
733,0,R,2199,1,274
733,0,G,2200,0,275
733,0,B,2201,1,275
734,0,R,2202,1,275
734,0,G,2203,1,275
734,0,B,2204,0,275
735,0,R,2205,0,275
735,0,G,2206,0,275
735,0,B,2207,1,275
736,0,R,2208,0,276
736,0,G,2209,1,276
736,0,B,2210,1,276
737,0,R,2211,1,276
737,0,G,2212,0,276
737,0,B,2213,1,276
738,0,R,2214,0,276
738,0,G,2215,1,276
738,0,B,2216,0,277
739,0,R,2217,1,277
739,0,G,2218,1,277
739,0,B,2219,0,277
740,0,R,2220,0,277
740,0,G,2221,1,277
740,0,B,2222,0,277
741,0,R,2223,1,277
741,0,G,2224,0,278
741,0,B,2225,1,278
742,0,R,2226,1,278
742,0,G,2227,0,278
742,0,B,2228,1,278
743,0,R,2229,1,278
743,0,G,2230,1,278
743,0,B,2231,0,278
744,0,R,2232,0,279
744,0,G,2233,1,279
744,0,B,2234,1,279
745,0,R,2235,1,279
745,0,G,2236,0,279
745,0,B,2237,1,279
746,0,R,2238,0,279
746,0,G,2239,0,279
746,0,B,2240,0,280
747,0,R,2241,1,280
747,0,G,2242,1,280
747,0,B,2243,0,280
748,0,R,2244,1,280
748,0,G,2245,0,280
748,0,B,2246,0,280
749,0,R,2247,1,280
749,0,G,2248,0,281
749,0,B,2249,1,281
750,0,R,2250,1,281
750,0,G,2251,0,281
750,0,B,2252,0,281
751,0,R,2253,0,281
751,0,G,2254,0,281
751,0,B,2255,1,281
752,0,R,2256,0,282
752,0,G,2257,1,282
752,0,B,2258,1,282
753,0,R,2259,0,282
753,0,G,2260,1,282
753,0,B,2261,1,282
754,0,R,2262,0,282
754,0,G,2263,0,282
754,0,B,2264,0,283
755,0,R,2265,0,283
755,0,G,2266,1,283
755,0,B,2267,0,283
756,0,R,2268,0,283
756,0,G,2269,0,283
756,0,B,2270,1,283
757,0,R,2271,0,283
757,0,G,2272,0,284
757,0,B,2273,0,284
758,0,R,2274,1,284
758,0,G,2275,0,284
758,0,B,2276,1,284
759,0,R,2277,1,284
759,0,G,2278,0,284
759,0,B,2279,0,284
760,0,R,2280,0,285
760,0,G,2281,0,285
760,0,B,2282,1,285
761,0,R,2283,0,285
761,0,G,2284,0,285
761,0,B,2285,0,285
762,0,R,2286,0,285
762,0,G,2287,0,285
762,0,B,2288,0,286
763,0,R,2289,0,286
763,0,G,2290,1,286
763,0,B,2291,0,286
764,0,R,2292,0,286
764,0,G,2293,0,286
764,0,B,2294,1,286
765,0,R,2295,0,286
765,0,G,2296,0,287
765,0,B,2297,1,287
766,0,R,2298,1,287
766,0,G,2299,1,287
766,0,B,2300,0,287
767,0,R,2301,0,287
767,0,G,2302,1,287
767,0,B,2303,1,287
768,0,R,2304,0,288
768,0,G,2305,1,288
768,0,B,2306,1,288
769,0,R,2307,0,288
769,0,G,2308,0,288
769,0,B,2309,1,288
770,0,R,2310,0,288
770,0,G,2311,1,288
770,0,B,2312,0,289
771,0,R,2313,1,289
771,0,G,2314,1,289
771,0,B,2315,0,289
772,0,R,2316,0,289
772,0,G,2317,1,289
772,0,B,2318,0,289
773,0,R,2319,1,289
773,0,G,2320,0,290
773,0,B,2321,1,290
774,0,R,2322,1,290
774,0,G,2323,0,290
774,0,B,2324,0,290
775,0,R,2325,1,290
775,0,G,2326,0,290
775,0,B,2327,0,290
776,0,R,2328,0,291
776,0,G,2329,0,291
776,0,B,2330,1,291
777,0,R,2331,0,291
777,0,G,2332,0,291
777,0,B,2333,0,291
778,0,R,2334,1,291
778,0,G,2335,0,291
778,0,B,2336,0,292
779,0,R,2337,0,292
779,0,G,2338,1,292
779,0,B,2339,1,292
780,0,R,2340,1,292
780,0,G,2341,0,292
780,0,B,2342,1,292
781,0,R,2343,0,292
781,0,G,2344,0,293
781,0,B,2345,0,293
782,0,R,2346,1,293
782,0,G,2347,0,293
782,0,B,2348,0,293
783,0,R,2349,0,293
783,0,G,2350,0,293
783,0,B,2351,0,293
784,0,R,2352,0,294
784,0,G,2353,1,294
784,0,B,2354,1,294
785,0,R,2355,0,294
785,0,G,2356,1,294
785,0,B,2357,1,294
786,0,R,2358,1,294
786,0,G,2359,0,294
786,0,B,2360,0,295
787,0,R,2361,1,295
787,0,G,2362,1,295
787,0,B,2363,1,295
788,0,R,2364,0,295
788,0,G,2365,1,295
788,0,B,2366,0,295
789,0,R,2367,1,295
789,0,G,2368,0,296
789,0,B,2369,1,296
790,0,R,2370,1,296
790,0,G,2371,0,296
790,0,B,2372,1,296
791,0,R,2373,1,296
791,0,G,2374,0,296
791,0,B,2375,0,296
792,0,R,2376,0,297
792,0,G,2377,1,297
792,0,B,2378,1,297
793,0,R,2379,0,297
793,0,G,2380,1,297
793,0,B,2381,1,297
794,0,R,2382,0,297
794,0,G,2383,0,297
794,0,B,2384,0,298
795,0,R,2385,0,298
795,0,G,2386,1,298
795,0,B,2387,0,298
796,0,R,2388,1,298
796,0,G,2389,1,298
796,0,B,2390,0,298
797,0,R,2391,0,298
797,0,G,2392,0,299
797,0,B,2393,0,299
798,0,R,2394,1,299
798,0,G,2395,0,299
798,0,B,2396,0,299
799,0,R,2397,0,299
799,0,G,2398,0,299
799,0,B,2399,0,299
800,0,R,2400,0,300
800,0,G,2401,0,300
800,0,B,2402,1,300
801,0,R,2403,0,300
801,0,G,2404,0,300
801,0,B,2405,0,300
802,0,R,2406,1,300
802,0,G,2407,0,300
802,0,B,2408,0,301
803,0,R,2409,1,301
803,0,G,2410,1,301
803,0,B,2411,0,301
804,0,R,2412,0,301
804,0,G,2413,0,301
804,0,B,2414,1,301
805,0,R,2415,1,301
805,0,G,2416,0,302
805,0,B,2417,1,302
806,0,R,2418,1,302
806,0,G,2419,1,302
806,0,B,2420,0,302
807,0,R,2421,0,302
807,0,G,2422,1,302
807,0,B,2423,0,302
808,0,R,2424,0,303
808,0,G,2425,1,303
808,0,B,2426,1,303
809,0,R,2427,0,303
809,0,G,2428,0,303
809,0,B,2429,1,303
810,0,R,2430,0,303
810,0,G,2431,1,303
810,0,B,2432,0,304
811,0,R,2433,1,304
811,0,G,2434,1,304
811,0,B,2435,0,304
812,0,R,2436,0,304
812,0,G,2437,0,304
812,0,B,2438,0,304
813,0,R,2439,1,304
813,0,G,2440,0,305
813,0,B,2441,1,305
814,0,R,2442,1,305
814,0,G,2443,1,305
814,0,B,2444,0,305
815,0,R,2445,1,305
815,0,G,2446,0,305
815,0,B,2447,0,305
816,0,R,2448,0,306
816,0,G,2449,1,306
816,0,B,2450,1,306
817,0,R,2451,0,306
817,0,G,2452,0,306
817,0,B,2453,1,306
818,0,R,2454,0,306
818,0,G,2455,1,306
818,0,B,2456,0,307
819,0,R,2457,1,307
819,0,G,2458,1,307
819,0,B,2459,0,307
820,0,R,2460,0,307
820,0,G,2461,1,307
820,0,B,2462,0,307
821,0,R,2463,0,307
821,0,G,2464,0,308
821,0,B,2465,1,308
822,0,R,2466,0,308
822,0,G,2467,1,308
822,0,B,2468,1,308
823,0,R,2469,1,308
823,0,G,2470,1,308
823,0,B,2471,1,308
824,0,R,2472,0,309
824,0,G,2473,1,309
824,0,B,2474,1,309
825,0,R,2475,0,309
825,0,G,2476,0,309
825,0,B,2477,0,309
826,0,R,2478,1,309
826,0,G,2479,0,309
826,0,B,2480,0,310
827,0,R,2481,1,310
827,0,G,2482,1,310
827,0,B,2483,1,310
828,0,R,2484,1,310
828,0,G,2485,0,310
828,0,B,2486,0,310
829,0,R,2487,1,310
829,0,G,2488,0,311
829,0,B,2489,0,311
830,0,R,2490,1,311
830,0,G,2491,0,311
830,0,B,2492,0,311
831,0,R,2493,0,311
831,0,G,2494,1,311
831,0,B,2495,0,311
832,0,R,2496,0,312
832,0,G,2497,0,312
832,0,B,2498,1,312
833,0,R,2499,1,312
833,0,G,2500,1,312
833,0,B,2501,0,312
834,0,R,2502,1,312
834,0,G,2503,0,312
834,0,B,2504,0,313
835,0,R,2505,0,313
835,0,G,2506,1,313
835,0,B,2507,0,313
836,0,R,2508,0,313
836,0,G,2509,0,313
836,0,B,2510,0,313
837,0,R,2511,0,313
837,0,G,2512,0,314
837,0,B,2513,0,314
838,0,R,2514,1,314
838,0,G,2515,0,314
838,0,B,2516,0,314
839,0,R,2517,0,314
839,0,G,2518,1,314
839,0,B,2519,0,314
840,0,R,2520,0,315
840,0,G,2521,1,315
840,0,B,2522,0,315
841,0,R,2523,1,315
841,0,G,2524,0,315
841,0,B,2525,0,315
842,0,R,2526,1,315
842,0,G,2527,1,315
842,0,B,2528,0,316
843,0,R,2529,1,316
843,0,G,2530,1,316
843,0,B,2531,1,316
844,0,R,2532,0,316
844,0,G,2533,1,316
844,0,B,2534,0,316
845,0,R,2535,0,316
845,0,G,2536,0,317
845,0,B,2537,1,317
846,0,R,2538,1,317
846,0,G,2539,0,317
846,0,B,2540,0,317
847,0,R,2541,1,317
847,0,G,2542,0,317
847,0,B,2543,1,317
848,0,R,2544,0,318
848,0,G,2545,1,318
848,0,B,2546,1,318
849,0,R,2547,0,318
849,0,G,2548,0,318
849,0,B,2549,1,318
850,0,R,2550,1,318
850,0,G,2551,1,318
850,0,B,2552,0,319
851,0,R,2553,1,319
851,0,G,2554,1,319
851,0,B,2555,0,319
852,0,R,2556,1,319
852,0,G,2557,1,319
852,0,B,2558,1,319
853,0,R,2559,1,319
853,0,G,2560,0,320
853,0,B,2561,1,320
854,0,R,2562,0,320
854,0,G,2563,0,320
854,0,B,2564,0,320
855,0,R,2565,1,320
855,0,G,2566,0,320
855,0,B,2567,0,320
856,0,R,2568,0,321
856,0,G,2569,1,321
856,0,B,2570,1,321
857,0,R,2571,0,321
857,0,G,2572,0,321
857,0,B,2573,1,321
858,0,R,2574,0,321
858,0,G,2575,1,321
858,0,B,2576,0,322
859,0,R,2577,1,322
859,0,G,2578,1,322
859,0,B,2579,1,322
860,0,R,2580,0,322
860,0,G,2581,1,322
860,0,B,2582,0,322
861,0,R,2583,0,322
861,0,G,2584,0,323
861,0,B,2585,1,323
862,0,R,2586,1,323
862,0,G,2587,0,323
862,0,B,2588,0,323
863,0,R,2589,1,323
863,0,G,2590,0,323
863,0,B,2591,1,323
864,0,R,2592,0,324
864,0,G,2593,1,324
864,0,B,2594,1,324
865,0,R,2595,0,324
865,0,G,2596,0,324
865,0,B,2597,0,324
866,0,R,2598,1,324
866,0,G,2599,1,324
866,0,B,2600,0,325
867,0,R,2601,1,325
867,0,G,2602,1,325
867,0,B,2603,1,325
868,0,R,2604,0,325
868,0,G,2605,1,325
868,0,B,2606,0,325
869,0,R,2607,0,325
869,0,G,2608,0,326
869,0,B,2609,0,326
870,0,R,2610,1,326
870,0,G,2611,0,326
870,0,B,2612,0,326
871,0,R,2613,0,326
871,0,G,2614,1,326
871,0,B,2615,0,326
872,0,R,2616,0,327
872,0,G,2617,0,327
872,0,B,2618,1,327
873,0,R,2619,0,327
873,0,G,2620,1,327
873,0,B,2621,1,327
874,0,R,2622,0,327
874,0,G,2623,0,327
874,0,B,2624,0,328
875,0,R,2625,0,328
875,0,G,2626,1,328
875,0,B,2627,0,328
876,0,R,2628,0,328
876,0,G,2629,0,328
876,0,B,2630,0,328
877,0,R,2631,0,328
877,0,G,2632,0,329
877,0,B,2633,0,329
878,0,R,2634,1,329
878,0,G,2635,0,329
878,0,B,2636,0,329
879,0,R,2637,0,329
879,0,G,2638,1,329
879,0,B,2639,0,329
880,0,R,2640,0,330
880,0,G,2641,1,330
880,0,B,2642,1,330
881,0,R,2643,0,330
881,0,G,2644,0,330
881,0,B,2645,0,330
882,0,R,2646,0,330
882,0,G,2647,1,330
882,0,B,2648,0,331
883,0,R,2649,1,331
883,0,G,2650,1,331
883,0,B,2651,0,331
884,0,R,2652,1,331
884,0,G,2653,1,331
884,0,B,2654,0,331
885,0,R,2655,0,331
885,0,G,2656,0,332
885,0,B,2657,1,332
886,0,R,2658,1,332
886,0,G,2659,0,332
886,0,B,2660,0,332
887,0,R,2661,1,332
887,0,G,2662,1,332
887,0,B,2663,1,332
888,0,R,2664,0,333
888,0,G,2665,1,333
888,0,B,2666,1,333
889,0,R,2667,0,333
889,0,G,2668,1,333
889,0,B,2669,1,333
890,0,R,2670,1,333
890,0,G,2671,1,333
890,0,B,2672,0,334
891,0,R,2673,1,334
891,0,G,2674,1,334
891,0,B,2675,1,334
892,0,R,2676,0,334
892,0,G,2677,0,334
892,0,B,2678,1,334
893,0,R,2679,0,334
893,0,G,2680,0,335
893,0,B,2681,1,335
894,0,R,2682,1,335
894,0,G,2683,0,335
894,0,B,2684,1,335
895,0,R,2685,0,335
895,0,G,2686,0,335
895,0,B,2687,1,335
896,0,R,2688,0,336
896,0,G,2689,1,336
896,0,B,2690,1,336
897,0,R,2691,1,336
897,0,G,2692,0,336
897,0,B,2693,1,336
898,0,R,2694,0,336
898,0,G,2695,0,336
898,0,B,2696,0,337
899,0,R,2697,1,337
899,0,G,2698,1,337
899,0,B,2699,0,337
900,0,R,2700,1,337
900,0,G,2701,0,337
900,0,B,2702,0,337
901,0,R,2703,0,337
901,0,G,2704,0,338
901,0,B,2705,1,338
902,0,R,2706,1,338
902,0,G,2707,0,338
902,0,B,2708,1,338
903,0,R,2709,1,338
903,0,G,2710,0,338
903,0,B,2711,1,338
904,0,R,2712,0,339
904,0,G,2713,0,339
904,0,B,2714,1,339
905,0,R,2715,0,339
905,0,G,2716,0,339
905,0,B,2717,0,339
906,0,R,2718,1,339
906,0,G,2719,0,339
906,0,B,2720,0,340
907,0,R,2721,0,340
907,0,G,2722,1,340
907,0,B,2723,1,340
908,0,R,2724,1,340
908,0,G,2725,0,340
908,0,B,2726,1,340
909,0,R,2727,0,340
909,0,G,2728,0,341
909,0,B,2729,0,341
910,0,R,2730,1,341
910,0,G,2731,0,341
910,0,B,2732,0,341
911,0,R,2733,0,341
911,0,G,2734,0,341
911,0,B,2735,0,341
912,0,R,2736,0,342
912,0,G,2737,0,342
912,0,B,2738,1,342
913,0,R,2739,0,342
913,0,G,2740,0,342
913,0,B,2741,0,342
914,0,R,2742,1,342
914,0,G,2743,0,342
914,0,B,2744,0,343
915,0,R,2745,1,343
915,0,G,2746,0,343
915,0,B,2747,0,343
916,0,R,2748,1,343
916,0,G,2749,1,343
916,0,B,2750,0,343
917,0,R,2751,0,343
917,0,G,2752,0,344
917,0,B,2753,1,344
918,0,R,2754,0,344
918,0,G,2755,1,344
918,0,B,2756,0,344
919,0,R,2757,0,344
919,0,G,2758,1,344
919,0,B,2759,1,344
920,0,R,2760,0,345
920,0,G,2761,1,345
920,0,B,2762,0,345
921,0,R,2763,0,345
921,0,G,2764,0,345
921,0,B,2765,0,345
922,0,R,2766,1,345
922,0,G,2767,0,345
922,0,B,2768,0,346
923,0,R,2769,0,346
923,0,G,2770,1,346
923,0,B,2771,0,346
924,0,R,2772,1,346
924,0,G,2773,1,346
924,0,B,2774,0,346
925,0,R,2775,1,346
925,0,G,2776,0,347
925,0,B,2777,0,347
926,0,R,2778,1,347
926,0,G,2779,1,347
926,0,B,2780,0,347
927,0,R,2781,0,347
927,0,G,2782,0,347
927,0,B,2783,1,347
928,0,R,2784,0,348
928,0,G,2785,1,348
928,0,B,2786,1,348
929,0,R,2787,0,348
929,0,G,2788,0,348
929,0,B,2789,0,348
930,0,R,2790,1,348
930,0,G,2791,0,348
930,0,B,2792,0,349
931,0,R,2793,1,349
931,0,G,2794,1,349
931,0,B,2795,0,349
932,0,R,2796,1,349
932,0,G,2797,0,349
932,0,B,2798,0,349
933,0,R,2799,1,349
933,0,G,2800,0,350
933,0,B,2801,1,350
934,0,R,2802,1,350
934,0,G,2803,1,350
934,0,B,2804,0,350
935,0,R,2805,1,350
935,0,G,2806,0,350
935,0,B,2807,0,350
936,0,R,2808,0,351
936,0,G,2809,0,351
936,0,B,2810,1,351
937,0,R,2811,0,351
937,0,G,2812,1,351
937,0,B,2813,1,351
938,0,R,2814,0,351
938,0,G,2815,1,351
938,0,B,2816,0,352
939,0,R,2817,1,352
939,0,G,2818,0,352
939,0,B,2819,1,352
940,0,R,2820,0,352
940,0,G,2821,0,352
940,0,B,2822,1,352
941,0,R,2823,0,352
941,0,G,2824,0,353
941,0,B,2825,1,353
942,0,R,2826,0,353
942,0,G,2827,0,353
942,0,B,2828,0,353
943,0,R,2829,1,353
943,0,G,2830,1,353
943,0,B,2831,1,353
944,0,R,2832,0,354
944,0,G,2833,1,354
944,0,B,2834,0,354
945,0,R,2835,0,354
945,0,G,2836,0,354
945,0,B,2837,0,354
946,0,R,2838,1,354
946,0,G,2839,0,354
946,0,B,2840,0,355
947,0,R,2841,0,355
947,0,G,2842,1,355
947,0,B,2843,0,355
948,0,R,2844,0,355
948,0,G,2845,0,355
948,0,B,2846,1,355
949,0,R,2847,0,355
949,0,G,2848,0,356
949,0,B,2849,1,356
950,0,R,2850,1,356
950,0,G,2851,1,356
950,0,B,2852,1,356
951,0,R,2853,1,356
951,0,G,2854,0,356
951,0,B,2855,1,356
952,0,R,2856,0,357
952,0,G,2857,1,357
952,0,B,2858,0,357
953,0,R,2859,1,357
953,0,G,2860,0,357
953,0,B,2861,0,357
954,0,R,2862,0,357
954,0,G,2863,0,357
954,0,B,2864,0,358
955,0,R,2865,1,358
955,0,G,2866,1,358
955,0,B,2867,0,358
956,0,R,2868,0,358
956,0,G,2869,0,358
956,0,B,2870,0,358
957,0,R,2871,1,358
957,0,G,2872,0,359
957,0,B,2873,1,359
958,0,R,2874,1,359
958,0,G,2875,1,359
958,0,B,2876,0,359
959,0,R,2877,0,359
959,0,G,2878,0,359
959,0,B,2879,0,359
960,0,R,2880,0,360
960,0,G,2881,1,360
960,0,B,2882,1,360
961,0,R,2883,0,360
961,0,G,2884,0,360
961,0,B,2885,0,360
962,0,R,2886,0,360
962,0,G,2887,1,360
962,0,B,2888,0,361
963,0,R,2889,0,361
963,0,G,2890,1,361
963,0,B,2891,1,361
964,0,R,2892,1,361
964,0,G,2893,0,361
964,0,B,2894,1,361
965,0,R,2895,0,361
965,0,G,2896,0,362
965,0,B,2897,0,362
966,0,R,2898,1,362
966,0,G,2899,0,362
966,0,B,2900,0,362
967,0,R,2901,0,362
967,0,G,2902,0,362
967,0,B,2903,0,362
968,0,R,2904,0,363
968,0,G,2905,1,363
968,0,B,2906,1,363
969,0,R,2907,0,363
969,0,G,2908,1,363
969,0,B,2909,1,363
970,0,R,2910,0,363
970,0,G,2911,1,363
970,0,B,2912,0,364
971,0,R,2913,1,364
971,0,G,2914,1,364
971,0,B,2915,0,364
972,0,R,2916,0,364
972,0,G,2917,1,364
972,0,B,2918,0,364
973,0,R,2919,1,364
973,0,G,2920,0,365
973,0,B,2921,1,365
974,0,R,2922,1,365
974,0,G,2923,0,365
974,0,B,2924,1,365
975,0,R,2925,1,365
975,0,G,2926,1,365
975,0,B,2927,0,365
976,0,R,2928,0,366
976,0,G,2929,1,366
976,0,B,2930,1,366
977,0,R,2931,1,366
977,0,G,2932,0,366
977,0,B,2933,0,366
978,0,R,2934,1,366
978,0,G,2935,1,366
978,0,B,2936,0,367
979,0,R,2937,1,367
979,0,G,2938,1,367
979,0,B,2939,0,367
980,0,R,2940,0,367
980,0,G,2941,0,367
980,0,B,2942,0,367
981,0,R,2943,1,367
981,0,G,2944,0,368
981,0,B,2945,1,368
982,0,R,2946,1,368
982,0,G,2947,0,368
982,0,B,2948,1,368
983,0,R,2949,0,368
983,0,G,2950,1,368
983,0,B,2951,0,368
984,0,R,2952,0,369
984,0,G,2953,1,369
984,0,B,2954,1,369
985,0,R,2955,0,369
985,0,G,2956,0,369
985,0,B,2957,1,369
986,0,R,2958,0,369
986,0,G,2959,1,369
986,0,B,2960,0,370
987,0,R,2961,0,370
987,0,G,2962,1,370
987,0,B,2963,0,370
988,0,R,2964,0,370
988,0,G,2965,0,370
988,0,B,2966,0,370
989,0,R,2967,0,370
989,0,G,2968,0,371
989,0,B,2969,1,371
990,0,R,2970,1,371
990,0,G,2971,1,371
990,0,B,2972,0,371
991,0,R,2973,0,371
991,0,G,2974,1,371
991,0,B,2975,1,371
992,0,R,2976,0,372
992,0,G,2977,1,372
992,0,B,2978,1,372
993,0,R,2979,0,372
993,0,G,2980,0,372
993,0,B,2981,1,372
994,0,R,2982,0,372
994,0,G,2983,1,372
994,0,B,2984,0,373
995,0,R,2985,1,373
995,0,G,2986,1,373
995,0,B,2987,0,373
996,0,R,2988,0,373
996,0,G,2989,0,373
996,0,B,2990,1,373
997,0,R,2991,1,373
997,0,G,2992,0,374
997,0,B,2993,1,374
998,0,R,2994,1,374
998,0,G,2995,1,374
998,0,B,2996,0,374
999,0,R,2997,0,374
999,0,G,2998,1,374
999,0,B,2999,0,374
1000,0,R,3000,0,375
1000,0,G,3001,1,375
1000,0,B,3002,1,375
1001,0,R,3003,0,375
1001,0,G,3004,0,375
1001,0,B,3005,1,375
1002,0,R,3006,0,375
1002,0,G,3007,1,375
1002,0,B,3008,0,376
1003,0,R,3009,1,376
1003,0,G,3010,1,376
1003,0,B,3011,1,376
1004,0,R,3012,0,376
1004,0,G,3013,1,376
1004,0,B,3014,0,376
1005,0,R,3015,0,376
1005,0,G,3016,0,377
1005,0,B,3017,1,377
1006,0,R,3018,1,377
1006,0,G,3019,0,377
1006,0,B,3020,1,377
1007,0,R,3021,1,377
1007,0,G,3022,1,377
1007,0,B,3023,1,377
